Date,OPEN,HIGH,LOW,PREV_CLOSE,VOLUME,symbol_name
4/15/2024,2922.00,2964.25,2892.65,2934.30,6451031.00,RELIANCE
4/12/2024,2951.75,2972.95,2926.15,2959.15,7775506.00,RELIANCE
4/10/2024,2932.70,2974.00,2932.70,2927.30,4569165.00,RELIANCE
4/9/2024,2978.00,2979.60,2925.00,2971.95,3535707.00,RELIANCE
4/8/2024,2925.95,2981.95,2922.00,2920.20,4178559.00,RELIANCE
4/5/2024,2921.75,2941.60,2912.00,2925.85,3721149.00,RELIANCE
4/4/2024,2959.50,2959.50,2900.00,2943.20,7245136.00,RELIANCE
4/3/2024,2964.15,2968.90,2937.80,2973.90,3504146.00,RELIANCE
4/2/2024,2968.00,2988.00,2950.00,2969.55,4455083.00,RELIANCE
4/1/2024,2984.95,2987.95,2965.00,2971.70,2506940.00,RELIANCE
3/28/2024,2985.75,3011.90,2957.30,2985.70,10927182.00,RELIANCE
3/27/2024,2896.00,3000.00,2894.00,2883.15,8163322.00,RELIANCE
3/26/2024,2890.00,2904.80,2878.00,2910.05,5707953.00,RELIANCE
3/22/2024,2899.95,2920.00,2894.70,2901.95,9763804.00,RELIANCE
3/21/2024,2905.05,2915.80,2889.35,2887.50,6503468.00,RELIANCE
3/20/2024,2855.90,2890.00,2848.05,2850.50,4244403.00,RELIANCE
3/19/2024,2857.50,2875.20,2834.50,2878.95,4137882.00,RELIANCE
3/18/2024,2840.00,2883.45,2833.05,2836.45,4584696.00,RELIANCE
3/15/2024,2851.90,2866.45,2825.80,2862.95,9611909.00,RELIANCE
3/14/2024,2879.40,2897.05,2851.00,2864.35,9285551.00,RELIANCE
3/13/2024,2959.55,2966.20,2855.55,2950.85,6761067.00,RELIANCE
3/12/2024,2933.20,2976.00,2930.05,2933.20,4716339.00,RELIANCE
3/11/2024,2978.00,2978.00,2927.00,2957.85,5638565.00,RELIANCE
3/7/2024,3005.95,3006.20,2951.10,3006.00,4157863.00,RELIANCE
3/6/2024,2986.90,3018.00,2957.00,3000.40,3902838.00,RELIANCE
3/5/2024,3011.55,3014.80,2972.10,3014.80,3553834.00,RELIANCE
3/4/2024,2980.95,3024.90,2974.45,2982.15,5012210.00,RELIANCE
3/2/2024,2984.00,3000.90,2976.00,2984.25,358150.00,RELIANCE
3/1/2024,2927.00,3000.00,2925.00,2921.60,6066463.00,RELIANCE
2/29/2024,2930.00,2957.95,2909.05,2911.25,11814488.00,RELIANCE
2/28/2024,2966.00,2982.55,2900.35,2971.30,4323975.00,RELIANCE
2/27/2024,2966.05,2999.90,2956.10,2974.65,5413022.00,RELIANCE
2/26/2024,2987.10,2989.05,2965.00,2987.25,3756553.00,RELIANCE
2/23/2024,2979.00,2995.10,2966.70,2963.50,7219292.00,RELIANCE
2/22/2024,2936.30,2969.90,2916.00,2935.40,9246864.00,RELIANCE
2/21/2024,2948.00,2977.05,2915.10,2942.05,6360146.00,RELIANCE
2/20/2024,2950.05,2951.00,2923.60,2948.00,3558748.00,RELIANCE
2/19/2024,2924.10,2959.00,2907.05,2921.15,3364914.00,RELIANCE
2/16/2024,2952.95,2954.00,2917.10,2941.20,4883749.00,RELIANCE
2/15/2024,2966.70,2969.45,2933.05,2962.75,5003391.00,RELIANCE
2/14/2024,2915.00,2967.30,2915.00,2930.20,3558944.00,RELIANCE
2/13/2024,2911.00,2958.00,2908.00,2904.70,3857797.00,RELIANCE
2/12/2024,2921.50,2922.00,2884.70,2921.50,3337215.00,RELIANCE
2/9/2024,2908.00,2943.95,2901.90,2900.25,6278399.00,RELIANCE
2/8/2024,2900.00,2918.95,2855.05,2884.30,7347317.00,RELIANCE
2/7/2024,2871.85,2899.00,2858.50,2855.60,4648284.00,RELIANCE
2/6/2024,2883.70,2883.70,2839.65,2878.05,4523992.00,RELIANCE
2/5/2024,2921.50,2941.00,2863.05,2915.40,4407216.00,RELIANCE
2/2/2024,2866.35,2949.80,2866.35,2853.30,9826294.00,RELIANCE
2/1/2024,2870.00,2886.70,2836.10,2853.25,6674681.00,RELIANCE
1/31/2024,2808.00,2868.50,2805.00,2815.25,7565113.00,RELIANCE
1/30/2024,2919.90,2919.95,2808.85,2896.10,7046989.00,RELIANCE
1/29/2024,2729.00,2905.00,2720.35,2706.15,11946719.00,RELIANCE
1/25/2024,2685.90,2728.30,2670.40,2687.75,5904436.00,RELIANCE
1/24/2024,2670.45,2699.00,2647.85,2657.15,10959564.00,RELIANCE
1/23/2024,2743.50,2743.50,2645.10,2713.30,10027710.00,RELIANCE
1/20/2024,2730.00,2766.95,2700.00,2734.90,3641697.00,RELIANCE
1/19/2024,2752.00,2752.00,2718.00,2735.90,5211352.00,RELIANCE
1/18/2024,2702.80,2742.00,2702.50,2723.15,5139719.00,RELIANCE
1/17/2024,2719.00,2772.55,2710.05,2749.25,6098691.00,RELIANCE
1/16/2024,2779.95,2792.60,2741.00,2788.25,4534512.00,RELIANCE
1/15/2024,2750.00,2792.90,2732.00,2741.45,4305297.00,RELIANCE
1/12/2024,2719.80,2746.65,2691.50,2719.80,7506082.00,RELIANCE
1/11/2024,2659.00,2725.00,2657.00,2650.10,11862926.00,RELIANCE
1/10/2024,2577.00,2659.00,2575.05,2580.50,5551370.00,RELIANCE
1/9/2024,2600.00,2606.80,2577.20,2587.35,2701537.00,RELIANCE
1/8/2024,2610.00,2631.95,2568.95,2607.70,3867326.00,RELIANCE
1/5/2024,2602.90,2619.85,2598.00,2596.65,4043203.00,RELIANCE
1/4/2024,2588.00,2609.85,2579.10,2583.30,4806389.00,RELIANCE
1/3/2024,2610.00,2634.00,2577.20,2611.70,4518768.00,RELIANCE
1/2/2024,2585.00,2615.00,2573.00,2590.25,3724400.00,RELIANCE
1/1/2024,2580.55,2606.85,2573.15,2584.95,2015270.00,RELIANCE
12/29/2023,2611.10,2614.00,2579.30,2605.55,5432292.00,RELIANCE
12/28/2023,2589.80,2612.00,2586.85,2586.85,6151318.00,RELIANCE
12/27/2023,2582.00,2599.90,2573.10,2578.05,4602078.00,RELIANCE
12/26/2023,2568.00,2591.95,2562.70,2565.05,3732832.00,RELIANCE
12/22/2023,2559.60,2580.90,2547.65,2562.55,8270892.00,RELIANCE
12/21/2023,2527.00,2573.50,2518.25,2527.15,6882727.00,RELIANCE
12/20/2023,2571.05,2598.85,2520.00,2558.10,8868361.00,RELIANCE
12/19/2023,2555.00,2573.90,2525.20,2521.00,8410302.00,RELIANCE
12/18/2023,2495.60,2534.90,2490.95,2495.60,7082594.00,RELIANCE
12/15/2023,2478.00,2500.00,2470.05,2464.15,7966076.00,RELIANCE
12/14/2023,2454.00,2474.95,2442.65,2433.95,8486177.00,RELIANCE
12/13/2023,2422.00,2438.35,2406.30,2424.05,5015591.00,RELIANCE
12/12/2023,2460.00,2464.95,2420.15,2459.35,4598562.00,RELIANCE
12/11/2023,2456.00,2467.60,2452.40,2455.75,3533069.00,RELIANCE
12/8/2023,2463.85,2476.70,2445.00,2457.05,5102447.00,RELIANCE
12/7/2023,2460.00,2460.95,2442.00,2461.10,4071048.00,RELIANCE
12/6/2023,2447.10,2472.95,2435.00,2437.75,8211221.00,RELIANCE
12/5/2023,2439.00,2440.85,2421.65,2420.20,6346812.00,RELIANCE
12/4/2023,2450.00,2450.00,2398.60,2394.30,7795495.00,RELIANCE
12/1/2023,2378.00,2396.40,2377.60,2377.45,7171421.00,RELIANCE
11/30/2023,2394.70,2400.70,2369.90,2400.70,14219992.00,RELIANCE
11/29/2023,2408.00,2411.95,2398.05,2394.40,6265653.00,RELIANCE
11/28/2023,2393.90,2399.70,2375.25,2393.90,6896087.00,RELIANCE
11/24/2023,2391.60,2402.60,2391.05,2395.50,3374743.00,RELIANCE
11/23/2023,2388.20,2400.00,2388.20,2388.20,4265771.00,RELIANCE
11/22/2023,2375.00,2394.45,2372.20,2378.90,4267407.00,RELIANCE
11/21/2023,2366.00,2388.00,2360.20,2349.35,4107225.00,RELIANCE
11/20/2023,2348.55,2358.40,2336.40,2355.55,2245093.00,RELIANCE
11/17/2023,2352.90,2373.25,2352.05,2360.70,3879317.00,RELIANCE
11/16/2023,2351.10,2374.15,2346.95,2356.45,6567455.00,RELIANCE
11/15/2023,2340.00,2361.95,2327.00,2314.60,6110324.00,RELIANCE
11/13/2023,2322.90,2324.60,2311.70,2330.65,1927405.00,RELIANCE
11/12/2023,2326.05,2332.00,2322.50,2314.90,709922.00,RELIANCE
11/10/2023,2305.55,2316.35,2298.05,2310.55,3867477.00,RELIANCE
11/9/2023,2335.85,2335.90,2304.20,2335.90,7256805.00,RELIANCE
11/8/2023,2332.00,2341.00,2321.75,2323.80,3942247.00,RELIANCE
11/7/2023,2334.05,2339.10,2319.55,2339.00,3480102.00,RELIANCE
11/6/2023,2332.30,2340.00,2325.60,2319.70,5323652.00,RELIANCE
11/3/2023,2327.20,2334.95,2315.75,2320.20,4425078.00,RELIANCE
11/2/2023,2313.95,2324.30,2307.95,2297.40,5281052.00,RELIANCE
11/1/2023,2289.15,2317.50,2275.20,2287.90,5154595.00,RELIANCE
10/31/2023,2328.00,2328.00,2282.90,2312.50,6404219.00,RELIANCE
10/30/2023,2274.00,2325.00,2269.95,2265.80,8406652.00,RELIANCE
10/27/2023,2240.00,2273.50,2235.95,2226.50,5885542.00,RELIANCE
10/26/2023,2251.00,2258.00,2220.30,2257.95,7611267.00,RELIANCE
10/25/2023,2250.05,2281.20,2243.00,2263.20,5810344.00,RELIANCE
10/23/2023,2290.00,2306.25,2255.25,2299.10,3926981.00,RELIANCE
10/20/2023,2300.00,2314.70,2296.30,2306.15,4456656.00,RELIANCE
10/19/2023,2312.00,2321.80,2301.00,2324.00,6016278.00,RELIANCE
10/18/2023,2355.25,2367.00,2321.00,2355.25,4459160.00,RELIANCE
10/17/2023,2356.00,2359.70,2341.30,2344.05,3964090.00,RELIANCE
10/16/2023,2345.00,2354.55,2336.00,2349.30,2964518.00,RELIANCE
10/13/2023,2340.00,2357.50,2329.15,2349.40,5075158.00,RELIANCE
10/12/2023,2343.85,2359.35,2338.15,2345.05,6277225.00,RELIANCE
10/11/2023,2314.45,2349.70,2313.00,2308.40,4907059.00,RELIANCE
10/10/2023,2306.55,2317.90,2303.75,2298.25,5118016.00,RELIANCE
10/9/2023,2308.10,2311.95,2295.00,2318.00,3788439.00,RELIANCE
10/6/2023,2317.05,2324.80,2312.05,2314.10,2715513.00,RELIANCE
10/5/2023,2319.25,2329.40,2309.00,2314.15,5476841.00,RELIANCE
10/4/2023,2309.00,2319.00,2295.10,2318.15,5143193.00,RELIANCE
10/3/2023,2329.95,2335.60,2316.00,2345.00,4429528.00,RELIANCE
9/29/2023,2341.80,2369.10,2334.10,2334.10,6171007.00,RELIANCE
9/28/2023,2383.00,2383.00,2325.00,2368.90,7259173.00,RELIANCE
9/27/2023,2343.50,2371.80,2338.50,2342.50,5861389.00,RELIANCE
9/26/2023,2338.55,2350.20,2335.60,2340.45,5043891.00,RELIANCE
9/25/2023,2350.40,2360.70,2335.10,2354.95,7127442.00,RELIANCE
9/22/2023,2376.00,2382.45,2350.00,2364.80,9588393.00,RELIANCE
9/21/2023,2374.95,2390.10,2360.00,2382.15,6113091.00,RELIANCE
9/20/2023,2423.05,2427.60,2355.00,2436.45,28540942.00,RELIANCE
9/18/2023,2440.05,2451.00,2432.05,2457.85,3758150.00,RELIANCE
9/15/2023,2468.00,2468.00,2449.50,2453.30,12734296.00,RELIANCE
9/14/2023,2460.00,2465.80,2445.00,2451.05,4604818.00,RELIANCE
9/13/2023,2440.00,2462.65,2426.25,2438.85,6401669.00,RELIANCE
9/12/2023,2483.00,2483.00,2435.95,2474.60,8127833.00,RELIANCE
9/11/2023,2452.00,2476.85,2452.00,2448.20,6635537.00,RELIANCE
9/8/2023,2440.00,2456.00,2422.95,2432.00,11554644.00,RELIANCE
9/7/2023,2421.70,2438.25,2411.00,2428.70,6826286.00,RELIANCE
9/6/2023,2421.10,2436.15,2417.25,2423.60,4100185.00,RELIANCE
9/5/2023,2420.00,2433.95,2412.45,2410.70,4337938.00,RELIANCE
9/4/2023,2412.65,2423.65,2405.30,2412.65,4673813.00,RELIANCE
9/1/2023,2406.55,2425.65,2401.65,2407.00,9056421.00,RELIANCE
8/31/2023,2423.00,2425.00,2399.90,2418.05,10819300.00,RELIANCE
8/30/2023,2432.00,2443.00,2415.00,2420.35,6084473.00,RELIANCE
8/29/2023,2452.05,2453.45,2408.15,2443.75,8438322.00,RELIANCE
8/28/2023,2472.00,2484.00,2431.10,2468.35,6290413.00,RELIANCE
8/25/2023,2456.00,2505.00,2442.60,2479.80,11111200.00,RELIANCE
8/24/2023,2539.90,2539.90,2471.00,2522.20,7070010.00,RELIANCE
8/23/2023,2524.20,2542.85,2516.95,2519.40,4758976.00,RELIANCE
8/22/2023,2516.90,2537.95,2499.00,2520.00,3856522.00,RELIANCE
8/21/2023,2539.95,2555.45,2515.65,2556.80,4610873.00,RELIANCE
8/18/2023,2531.25,2577.60,2508.55,2538.00,9319989.00,RELIANCE
8/17/2023,2567.10,2578.10,2532.85,2575.15,6836872.00,RELIANCE
8/16/2023,2551.00,2582.80,2551.00,2577.25,5101556.00,RELIANCE
8/14/2023,2539.00,2582.30,2525.00,2547.15,4787906.00,RELIANCE
8/11/2023,2532.45,2558.85,2512.35,2536.45,11089665.00,RELIANCE
8/10/2023,2524.95,2550.00,2508.45,2525.20,7735299.00,RELIANCE
8/9/2023,2504.85,2529.00,2481.10,2508.65,5743293.00,RELIANCE
8/8/2023,2528.00,2534.45,2499.55,2523.85,4922036.00,RELIANCE
8/7/2023,2521.00,2528.40,2505.00,2509.55,2991435.00,RELIANCE
8/4/2023,2498.80,2516.00,2471.60,2475.90,11442805.00,RELIANCE
8/3/2023,2475.30,2500.90,2458.05,2486.35,5084175.00,RELIANCE
8/2/2023,2509.20,2512.00,2463.60,2513.20,6374107.00,RELIANCE
8/1/2023,2555.00,2559.00,2505.30,2549.25,4768316.00,RELIANCE
7/31/2023,2527.85,2553.90,2517.95,2527.85,4275587.00,RELIANCE
7/28/2023,2512.05,2542.85,2500.55,2502.70,10413926.00,RELIANCE
7/27/2023,2534.05,2537.65,2490.35,2526.20,8613449.00,RELIANCE
7/26/2023,2485.00,2547.00,2485.00,2485.80,6455506.00,RELIANCE
7/25/2023,2494.00,2505.20,2480.00,2487.40,6013010.00,RELIANCE
7/24/2023,2481.00,2514.95,2469.30,2538.75,11863933.00,RELIANCE
7/21/2023,2609.00,2614.90,2523.60,2619.85,15124619.00,RELIANCE
7/20/2023,2580.00,2630.95,2580.00,2841.85,19358812.00,RELIANCE
7/19/2023,2830.00,2856.00,2797.00,2820.45,18054869.00,RELIANCE
7/18/2023,2817.00,2837.45,2793.00,2796.70,11937761.00,RELIANCE
7/17/2023,2747.00,2815.05,2728.00,2740.70,10254545.00,RELIANCE
7/14/2023,2750.00,2760.90,2725.10,2743.00,6979790.00,RELIANCE
7/13/2023,2783.90,2799.00,2737.25,2767.75,6776172.00,RELIANCE
7/12/2023,2766.30,2802.00,2761.65,2764.70,8645662.00,RELIANCE
7/11/2023,2752.90,2770.00,2737.60,2735.05,9262001.00,RELIANCE
7/10/2023,2688.90,2756.00,2675.00,2633.60,15340262.00,RELIANCE
7/7/2023,2635.00,2664.95,2628.00,2638.75,6172684.00,RELIANCE
7/6/2023,2576.05,2644.45,2576.05,2584.50,8822948.00,RELIANCE
7/5/2023,2609.00,2609.00,2575.80,2588.75,4729479.00,RELIANCE
7/4/2023,2625.00,2625.00,2573.25,2615.70,3720447.00,RELIANCE
7/3/2023,2558.05,2622.00,2555.35,2550.25,5609248.00,RELIANCE
6/30/2023,2546.40,2556.65,2533.45,2529.50,5146441.00,RELIANCE
6/28/2023,2513.00,2537.85,2497.85,2496.45,5239872.00,RELIANCE
6/27/2023,2496.55,2509.50,2486.65,2495.55,4471687.00,RELIANCE
6/26/2023,2507.00,2515.40,2488.70,2514.75,5833893.00,RELIANCE
6/23/2023,2528.90,2533.40,2512.00,2535.50,3059084.00,RELIANCE
6/22/2023,2556.00,2573.30,2532.00,2564.30,3516244.00,RELIANCE
6/21/2023,2557.00,2569.85,2548.00,2557.10,3212779.00,RELIANCE
6/20/2023,2547.55,2564.00,2535.00,2551.80,3194085.00,RELIANCE
6/19/2023,2584.00,2584.00,2542.65,2577.40,3137532.00,RELIANCE
6/16/2023,2560.20,2582.40,2560.20,2552.55,11155180.00,RELIANCE
6/15/2023,2551.80,2562.55,2535.50,2551.85,5451926.00,RELIANCE
6/14/2023,2521.00,2555.00,2517.00,2520.85,6127509.00,RELIANCE
6/13/2023,2495.00,2523.45,2486.25,2484.15,5190958.00,RELIANCE
6/12/2023,2475.50,2489.20,2465.00,2481.95,2949893.00,RELIANCE
6/9/2023,2507.00,2508.55,2478.00,2499.65,2712243.00,RELIANCE
6/8/2023,2506.00,2516.85,2491.00,2498.15,5570815.00,RELIANCE
6/7/2023,2487.00,2500.00,2472.60,2479.35,4759238.00,RELIANCE
6/6/2023,2483.45,2487.70,2462.00,2477.25,3458161.00,RELIANCE
6/5/2023,2467.20,2483.75,2458.45,2455.20,5034355.00,RELIANCE
6/2/2023,2471.00,2482.85,2451.00,2463.25,7291995.00,RELIANCE
6/1/2023,2480.15,2484.90,2458.00,2469.90,6734525.00,RELIANCE
5/31/2023,2500.00,2509.85,2461.00,2519.95,12510304.00,RELIANCE
5/30/2023,2520.60,2537.70,2514.35,2520.60,5234564.00,RELIANCE
5/29/2023,2521.00,2530.00,2507.20,2506.50,4619754.00,RELIANCE
5/26/2023,2458.00,2509.00,2450.75,2439.95,5827017.00,RELIANCE
5/25/2023,2433.90,2449.00,2416.05,2440.25,5301647.00,RELIANCE
5/24/2023,2445.90,2464.00,2433.45,2454.55,3743804.00,RELIANCE
5/23/2023,2460.65,2468.00,2451.45,2455.00,2811473.00,RELIANCE
5/22/2023,2435.00,2466.00,2432.35,2441.95,3431208.00,RELIANCE
5/19/2023,2434.05,2445.95,2418.85,2434.05,3715280.00,RELIANCE
5/18/2023,2449.55,2457.00,2427.15,2439.30,4857531.00,RELIANCE
5/17/2023,2463.00,2465.00,2429.00,2453.80,4060722.00,RELIANCE
5/16/2023,2494.00,2499.60,2450.15,2489.25,4023000.00,RELIANCE
5/15/2023,2489.90,2504.55,2473.15,2484.35,3153587.00,RELIANCE
5/12/2023,2469.80,2487.40,2456.50,2480.30,3209889.00,RELIANCE
5/11/2023,2498.95,2509.50,2476.55,2496.60,4872451.00,RELIANCE
5/10/2023,2490.00,2499.85,2481.20,2479.55,5017544.00,RELIANCE
5/9/2023,2475.00,2486.80,2463.25,2471.90,2983468.00,RELIANCE
5/8/2023,2450.00,2483.65,2444.15,2441.75,4224469.00,RELIANCE
5/5/2023,2441.00,2461.35,2436.00,2448.00,4036548.00,RELIANCE
5/4/2023,2421.15,2452.85,2414.60,2420.10,3985159.00,RELIANCE
5/3/2023,2445.00,2445.00,2413.05,2441.05,3259053.00,RELIANCE
5/2/2023,2436.20,2445.80,2428.10,2420.50,5991101.00,RELIANCE
4/28/2023,2382.00,2423.90,2381.75,2377.05,7183342.00,RELIANCE
4/27/2023,2375.00,2384.00,2364.00,2362.10,4230627.00,RELIANCE
4/26/2023,2379.00,2386.10,2354.05,2376.05,3977129.00,RELIANCE
4/25/2023,2366.00,2380.60,2350.50,2358.00,4262471.00,RELIANCE
4/24/2023,2375.00,2380.90,2348.00,2349.00,5970048.00,RELIANCE
4/21/2023,2350.65,2361.00,2336.40,2346.05,3529236.00,RELIANCE
4/20/2023,2354.10,2359.00,2332.10,2352.00,3233882.00,RELIANCE
4/19/2023,2339.05,2357.90,2332.20,2340.35,5664207.00,RELIANCE
4/18/2023,2377.00,2377.00,2326.00,2367.45,4802172.00,RELIANCE
4/17/2023,2424.95,2424.95,2349.05,2355.50,8274452.00,RELIANCE
4/13/2023,2353.00,2365.80,2342.00,2346.65,"57,12,541",RELIANCE
4/12/2023,2336.35,2367.80,2330.05,2336.35,"83,89,646",RELIANCE
4/11/2023,2334.00,2341.00,2324.05,2324.85,"48,65,301",RELIANCE
4/10/2023,2350.00,2350.40,2321.55,2341.45,"59,81,688",RELIANCE
4/6/2023,2318.15,2354.00,2318.15,2325.85,"85,07,771",RELIANCE
4/5/2023,2348.00,2348.00,2308.55,2331.45,"75,05,339",RELIANCE
4/3/2023,2345.00,2349.00,2315.00,2331.05,"47,50,238",RELIANCE
3/31/2023,2255.00,2343.45,2254.70,2234.70,"1,30,01,005",RELIANCE
3/29/2023,2239.00,2244.80,2211.10,2248.00,"86,78,073",RELIANCE
3/28/2023,2245.00,2256.50,2237.00,2237.55,"58,04,018",RELIANCE
3/27/2023,2217.50,2254.00,2200.20,2203.30,"64,86,068",RELIANCE
3/24/2023,2245.25,2250.00,2198.00,2247.80,"57,11,497",RELIANCE
3/23/2023,2268.00,2269.90,2243.05,2276.60,"74,99,082",RELIANCE
3/22/2023,2285.00,2291.45,2270.00,2269.70,"50,39,622",RELIANCE
3/21/2023,2218.95,2274.00,2217.00,2201.25,"98,76,263",RELIANCE
3/20/2023,2215.00,2220.00,2180.00,2223.10,"90,10,595",RELIANCE
3/17/2023,2244.75,2251.95,2212.70,2225.90,"1,56,97,554",RELIANCE
3/16/2023,2243.00,2254.00,2202.20,2237.05,"84,74,595",RELIANCE
3/15/2023,2284.10,2298.30,2227.40,2275.95,"1,00,27,725",RELIANCE
3/14/2023,2280.00,2304.95,2269.05,2284.50,"73,96,699",RELIANCE
3/13/2023,2329.00,2344.00,2275.00,2322.70,"58,94,088",RELIANCE
3/10/2023,2341.50,2344.00,2315.05,2359.25,"61,53,681",RELIANCE
3/9/2023,2416.00,2416.90,2355.10,2417.35,"74,92,509",RELIANCE
3/8/2023,2408.70,2419.00,2385.00,2408.70,"72,83,694",RELIANCE
3/6/2023,2400.00,2424.60,2400.00,2385.40,"46,94,338",RELIANCE
3/3/2023,2349.15,2393.45,2341.55,2326.05,"67,58,115",RELIANCE
3/2/2023,2337.00,2351.65,2321.60,2343.90,"43,07,425",RELIANCE
3/1/2023,2344.00,2345.50,2323.25,2322.55,"53,30,852",RELIANCE
2/28/2023,2356.10,2367.00,2313.65,2367.85,"1,01,50,245",RELIANCE
2/27/2023,2382.00,2389.65,2351.70,2383.70,"51,68,667",RELIANCE
2/24/2023,2372.00,2396.15,2368.00,2367.50,"43,53,814",RELIANCE
2/23/2023,2378.00,2394.75,2361.35,2378.90,"45,46,655",RELIANCE
2/22/2023,2425.95,2430.00,2375.05,2434.10,"50,87,729",RELIANCE
2/21/2023,2424.00,2446.80,2412.35,2414.40,"61,43,298",RELIANCE
2/20/2023,2445.00,2449.75,2410.10,2440.20,"40,78,245",RELIANCE
2/17/2023,2420.00,2447.50,2410.60,2430.05,"54,50,092",RELIANCE
2/16/2023,2449.45,2463.80,2425.05,2431.95,"79,67,558",RELIANCE
2/15/2023,2376.00,2437.20,2373.00,2378.10,"1,54,61,902",RELIANCE
2/14/2023,2329.95,2381.90,2323.65,2323.35,"66,09,564",RELIANCE
2/13/2023,2340.20,2350.00,2313.55,2336.65,"47,77,674",RELIANCE
2/10/2023,2354.90,2354.90,2321.30,2356.05,"49,79,789",RELIANCE
2/9/2023,2353.45,2370.85,2334.00,2351.95,"60,79,228",RELIANCE
2/8/2023,2313.00,2359.90,2307.00,2305.90,"97,65,490",RELIANCE
2/7/2023,2312.00,2327.40,2293.00,2311.45,"69,85,001",RELIANCE
2/6/2023,2315.00,2321.00,2305.80,2329.00,"68,47,679",RELIANCE
2/3/2023,2349.00,2349.00,2293.00,2326.95,"1,13,98,850",RELIANCE
2/2/2023,2318.00,2348.00,2311.00,2339.90,"63,05,317",RELIANCE
2/1/2023,2379.95,2379.95,2305.00,2353.85,"89,29,007",RELIANCE
1/31/2023,2382.00,2387.65,2341.00,2359.75,"1,04,72,167",RELIANCE
1/30/2023,2331.70,2371.90,2301.00,2337.35,"1,00,47,822",RELIANCE
1/27/2023,2384.40,2387.35,2311.65,2382.55,"1,19,20,991",RELIANCE
1/25/2023,2412.45,2414.70,2380.00,2415.95,"57,15,684",RELIANCE
1/24/2023,2440.00,2443.65,2387.35,2430.30,"76,09,558",RELIANCE
1/23/2023,2449.00,2466.20,2425.00,2442.65,"50,55,324",RELIANCE
1/20/2023,2475.00,2475.00,2437.25,2472.05,"68,90,325",RELIANCE
1/19/2023,2472.90,2481.15,2456.65,2474.70,"55,10,333",RELIANCE
1/18/2023,2473.50,2491.10,2460.35,2478.80,"62,06,382",RELIANCE
1/17/2023,2458.00,2483.00,2450.60,2444.10,"49,61,585",RELIANCE
1/16/2023,2472.70,2479.65,2427.00,2467.60,"62,87,407",RELIANCE
1/13/2023,2458.40,2472.90,2434.60,2471.60,"95,15,473",RELIANCE
1/12/2023,2524.85,2532.50,2465.00,2526.15,"81,63,366",RELIANCE
1/11/2023,2552.50,2558.00,2521.10,2558.40,"53,11,657",RELIANCE
1/10/2023,2606.00,2606.00,2546.00,2596.80,"37,13,755",RELIANCE
1/9/2023,2545.30,2602.00,2543.35,2536.90,"49,48,549",RELIANCE
1/6/2023,2526.65,2547.95,2518.30,2514.05,"29,30,338",RELIANCE
1/5/2023,2523.50,2536.40,2504.00,2518.55,"62,93,519",RELIANCE
1/4/2023,2557.00,2561.05,2514.00,2557.05,"42,75,746",RELIANCE
1/3/2023,2565.05,2573.00,2547.80,2575.90,"35,34,596",RELIANCE
1/2/2023,2550.00,2579.00,2548.20,2547.20,"24,53,414",RELIANCE
12/30/2022,2545.10,2577.00,2541.10,2543.30,"33,64,092",RELIANCE
12/29/2022,2527.00,2548.90,2525.50,2544.45,"31,98,493",RELIANCE
12/28/2022,2538.00,2549.80,2521.50,2544.70,"34,42,509",RELIANCE
12/27/2022,2530.00,2548.80,2515.25,2524.05,"26,59,749",RELIANCE
12/26/2022,2514.75,2542.00,2492.40,2502.20,"27,64,496",RELIANCE
12/23/2022,2563.30,2590.50,2492.25,2577.80,"47,33,657",RELIANCE
12/22/2022,2598.00,2604.65,2566.75,2584.50,"34,38,692",RELIANCE
12/21/2022,2621.00,2633.00,2576.10,2621.80,"39,35,463",RELIANCE
12/20/2022,2583.90,2626.00,2566.00,2599.30,"34,46,291",RELIANCE
12/19/2022,2581.00,2604.00,2566.70,2565.60,"35,67,363",RELIANCE
12/16/2022,2571.00,2618.80,2558.15,2578.35,"73,08,934",RELIANCE
12/15/2022,2602.50,2615.00,2571.00,2615.50,"40,09,765",RELIANCE
12/14/2022,2637.65,2638.95,2611.00,2625.00,"33,54,618",RELIANCE
12/13/2022,2613.10,2633.00,2606.70,2613.10,"38,45,839",RELIANCE
12/12/2022,2585.50,2623.00,2585.00,2609.10,"43,74,946",RELIANCE
12/9/2022,2646.00,2660.00,2601.85,2649.25,"58,40,633",RELIANCE
12/8/2022,2660.00,2665.00,2640.10,2650.50,"35,79,858",RELIANCE
12/7/2022,2685.00,2695.00,2642.15,2690.20,"39,05,263",RELIANCE
12/6/2022,2665.10,2697.00,2661.00,2682.45,"39,66,243",RELIANCE
12/5/2022,2712.00,2716.75,2678.00,2722.15,"68,43,367",RELIANCE
12/2/2022,2730.00,2748.00,2700.60,2723.30,"53,48,595",RELIANCE
12/1/2022,2741.80,2755.00,2716.00,2731.35,"43,77,696",RELIANCE
11/30/2022,2712.50,2745.45,2698.20,2712.20,"1,20,75,137",RELIANCE
11/29/2022,2703.95,2731.65,2694.00,2707.55,"51,03,687",RELIANCE
11/28/2022,2608.90,2721.05,2502.00,2617.60,"1,45,49,929",RELIANCE
11/25/2022,2589.00,2624.90,2582.10,2579.10,"33,91,988",RELIANCE
11/24/2022,2566.00,2594.00,2548.20,2557.05,"43,33,225",RELIANCE
11/23/2022,2575.00,2577.90,2552.25,2565.05,"29,59,787",RELIANCE
11/22/2022,2545.00,2568.50,2536.50,2550.90,"30,51,201",RELIANCE
11/21/2022,2588.00,2588.00,2543.10,2597.65,"29,49,108",RELIANCE
11/18/2022,2606.75,2609.00,2571.10,2599.05,"24,47,425",RELIANCE
11/17/2022,2584.95,2613.00,2580.00,2592.35,"30,74,259",RELIANCE
11/16/2022,2610.00,2615.95,2581.35,2607.30,"44,84,007",RELIANCE
11/15/2022,2622.30,2626.40,2590.00,2619.05,"32,70,388",RELIANCE
11/14/2022,2630.75,2642.00,2605.15,2631.80,"41,73,395",RELIANCE
11/11/2022,2600.00,2636.00,2588.00,2572.50,"56,81,124",RELIANCE
11/10/2022,2590.00,2596.55,2563.00,2604.00,"27,53,420",RELIANCE
11/9/2022,2610.30,2621.95,2590.05,2606.60,"51,93,814",RELIANCE
11/7/2022,2591.00,2610.30,2574.00,2592.75,"54,40,967",RELIANCE
11/4/2022,2553.90,2600.00,2551.10,2555.15,"58,03,737",RELIANCE
11/3/2022,2529.85,2559.55,2525.05,2545.65,"30,89,026",RELIANCE
11/2/2022,2532.30,2550.20,2515.00,2529.85,"41,45,144",RELIANCE
11/1/2022,2600.00,2600.00,2508.00,2549.60,"64,43,999",RELIANCE
10/31/2022,2541.00,2560.95,2532.20,2526.15,"57,31,802",RELIANCE
10/28/2022,2465.00,2535.00,2459.45,2451.15,"81,26,824",RELIANCE
10/27/2022,2458.00,2468.45,2432.80,2441.55,"57,74,775",RELIANCE
10/25/2022,2499.00,2499.00,2438.00,2479.85,"56,45,639",RELIANCE
10/24/2022,2460.00,2502.50,2455.30,2471.60,"15,55,270",RELIANCE
10/21/2022,2507.70,2516.80,2467.00,2500.60,"38,04,352",RELIANCE
10/20/2022,2485.00,2519.00,2485.00,2493.90,"40,22,919",RELIANCE
10/19/2022,2454.50,2527.85,2441.70,2451.25,"88,82,553",RELIANCE
10/18/2022,2422.00,2463.00,2420.15,2408.75,"57,29,899",RELIANCE
10/17/2022,2355.00,2414.00,2343.60,2370.70,"77,20,595",RELIANCE
10/14/2022,2415.00,2416.35,2369.10,2382.80,"42,02,459",RELIANCE
10/13/2022,2371.40,2394.00,2360.10,2375.25,"33,82,098",RELIANCE
10/12/2022,2352.00,2381.70,2343.10,2357.90,"34,22,992",RELIANCE
10/11/2022,2414.00,2414.00,2351.10,2405.80,"42,52,803",RELIANCE
10/10/2022,2405.00,2417.60,2388.00,2432.35,"29,21,076",RELIANCE
10/7/2022,2414.65,2443.90,2414.65,2422.10,"35,60,167",RELIANCE
10/6/2022,2429.00,2450.00,2418.15,2413.20,"61,62,021",RELIANCE
10/4/2022,2397.80,2418.00,2390.15,2369.50,"41,29,893",RELIANCE
10/3/2022,2391.50,2416.95,2363.00,2377.75,"54,70,030",RELIANCE
9/30/2022,2311.00,2402.00,2311.00,2325.30,"85,89,908",RELIANCE
9/29/2022,2360.00,2367.50,2313.00,2332.45,"67,71,046",RELIANCE
9/28/2022,2360.35,2378.00,2327.10,2396.25,"78,44,140",RELIANCE
9/27/2022,2394.00,2426.00,2360.10,2377.35,"74,55,448",RELIANCE
9/26/2022,2394.05,2417.80,2375.15,2439.50,"57,59,298",RELIANCE
9/23/2022,2485.00,2495.95,2436.10,2486.10,"43,97,194",RELIANCE
9/22/2022,2486.00,2503.00,2472.10,2509.75,"47,57,219",RELIANCE
9/21/2022,2496.75,2533.00,2495.00,2502.85,"42,49,172",RELIANCE
9/20/2022,2522.45,2537.70,2494.70,2502.45,"38,81,882",RELIANCE
9/19/2022,2499.20,2522.70,2481.35,2499.20,"34,98,286",RELIANCE
9/16/2022,2543.75,2553.00,2491.00,2562.70,"93,30,469",RELIANCE
9/15/2022,2583.00,2603.55,2556.75,2588.35,"47,83,723",RELIANCE
9/14/2022,2575.00,2610.00,2572.75,2619.75,"40,04,997",RELIANCE
9/13/2022,2618.00,2629.70,2601.00,2598.05,"41,02,114",RELIANCE
9/12/2022,2570.55,2612.00,2570.55,2569.30,"34,31,445",RELIANCE
9/9/2022,2610.00,2610.00,2564.00,2585.40,"38,37,302",RELIANCE
9/8/2022,2588.25,2598.00,2571.00,2581.75,"32,56,840",RELIANCE
9/7/2022,2575.00,2594.90,2570.00,2596.85,"34,55,942",RELIANCE
9/6/2022,2573.00,2606.00,2572.00,2569.80,"50,30,172",RELIANCE
9/5/2022,2531.00,2581.50,2531.00,2530.50,"52,27,785",RELIANCE
9/2/2022,2560.40,2575.35,2525.70,2560.40,"59,99,196",RELIANCE
9/1/2022,2582.65,2604.95,2550.70,2637.95,"91,88,434",RELIANCE
8/30/2022,2614.00,2645.25,2576.60,2597.65,"1,06,78,670",RELIANCE
8/29/2022,2585.00,2655.00,2578.05,2618.00,"91,55,684",RELIANCE
8/26/2022,2633.00,2650.00,2607.00,2632.05,"49,57,449",RELIANCE
8/25/2022,2648.95,2662.90,2622.60,2639.75,"36,32,902",RELIANCE
8/24/2022,2640.10,2670.00,2635.35,2646.80,"47,85,579",RELIANCE
8/23/2022,2594.00,2653.20,2591.35,2606.60,"44,66,619",RELIANCE
8/22/2022,2617.00,2631.30,2586.00,2613.85,"43,71,179",RELIANCE
8/19/2022,2650.00,2661.70,2604.95,2661.30,"43,66,123",RELIANCE
8/18/2022,2660.00,2669.00,2640.20,2665.15,"34,19,730",RELIANCE
8/17/2022,2665.00,2676.90,2655.55,2651.30,"30,44,037",RELIANCE
8/16/2022,2646.20,2657.30,2627.30,2633.00,"30,49,304",RELIANCE
8/12/2022,2590.30,2641.35,2582.20,2591.10,"58,38,244",RELIANCE
8/11/2022,2603.10,2609.90,2580.20,2582.50,"37,83,480",RELIANCE
8/10/2022,2576.90,2589.90,2557.05,2567.15,"49,49,442",RELIANCE
8/8/2022,2531.00,2583.55,2531.00,2534.00,"46,91,228",RELIANCE
8/5/2022,2576.00,2578.80,2526.95,2571.90,"64,34,433",RELIANCE
8/4/2022,2610.00,2617.75,2535.00,2606.35,"66,76,577",RELIANCE
8/3/2022,2600.00,2610.00,2567.45,2584.65,"65,76,824",RELIANCE
8/2/2022,2572.50,2607.80,2561.55,2574.85,"64,23,115",RELIANCE
8/1/2022,2519.15,2587.75,2507.60,2509.45,"72,45,568",RELIANCE
7/29/2022,2474.70,2517.10,2464.00,2457.10,"69,82,808",RELIANCE
7/28/2022,2436.00,2467.95,2421.00,2419.20,"57,66,936",RELIANCE
7/27/2022,2419.95,2427.00,2402.00,2421.50,"39,94,321",RELIANCE
7/26/2022,2421.10,2443.90,2411.35,2420.40,"52,16,466",RELIANCE
7/25/2022,2467.45,2467.45,2403.00,2503.10,"1,06,65,470",RELIANCE
7/22/2022,2500.00,2516.30,2495.00,2486.30,"50,62,651",RELIANCE
7/21/2022,2494.00,2500.00,2467.30,2503.00,"76,25,468",RELIANCE
7/20/2022,2540.00,2542.50,2486.25,2437.10,"1,10,41,036",RELIANCE
7/19/2022,2400.30,2447.00,2400.30,2422.25,"75,87,006",RELIANCE
7/18/2022,2421.00,2425.00,2392.30,2401.80,"69,96,757",RELIANCE
7/15/2022,2415.00,2415.00,2383.10,2397.15,"44,31,880",RELIANCE
7/14/2022,2388.00,2433.95,2376.95,2377.55,"78,31,798",RELIANCE
7/13/2022,2427.30,2434.00,2373.00,2420.45,"65,64,435",RELIANCE
7/12/2022,2404.00,2439.70,2404.00,2423.90,"49,74,502",RELIANCE
7/11/2022,2376.50,2428.80,2370.00,2391.40,"63,90,604",RELIANCE
7/8/2022,2418.00,2418.00,2382.55,2388.10,"87,73,162",RELIANCE
7/7/2022,2425.90,2433.25,2375.00,2411.85,"1,07,53,423",RELIANCE
7/6/2022,2420.10,2441.95,2388.00,2433.25,"1,10,50,026",RELIANCE
7/5/2022,2423.00,2464.90,2417.10,2413.70,"81,44,239",RELIANCE
7/4/2022,2378.95,2442.00,2366.10,2408.70,"1,93,17,335",RELIANCE
7/1/2022,2574.90,2592.00,2365.00,2595.65,"3,78,41,671",RELIANCE
6/30/2022,2580.00,2615.90,2566.00,2580.15,"1,06,66,627",RELIANCE
6/29/2022,2507.20,2597.00,2501.00,2527.70,"88,63,172",RELIANCE
6/28/2022,2482.10,2533.95,2482.10,2492.65,"62,63,867",RELIANCE
6/27/2022,2544.95,2544.95,2481.55,2500.05,"71,41,493",RELIANCE
6/24/2022,2480.00,2511.00,2468.00,2464.95,"65,71,866",RELIANCE
6/23/2022,2515.05,2525.00,2445.00,2505.60,"89,74,475",RELIANCE
6/22/2022,2558.10,2558.30,2501.00,2584.10,"48,99,839",RELIANCE
6/21/2022,2560.00,2593.40,2528.30,2543.05,"54,08,801",RELIANCE
6/20/2022,2605.00,2617.10,2521.10,2590.00,"55,68,825",RELIANCE
6/17/2022,2560.00,2624.85,2556.10,2560.00,"1,12,86,988",RELIANCE
6/16/2022,2623.00,2659.05,2554.00,2596.30,"78,96,943",RELIANCE
6/15/2022,2617.55,2637.30,2584.40,2628.10,"51,66,738",RELIANCE
6/14/2022,2650.05,2671.85,2613.45,2662.90,"67,90,653",RELIANCE
6/13/2022,2650.00,2672.80,2616.30,2714.25,"81,31,998",RELIANCE
6/10/2022,2771.90,2789.90,2701.50,2798.75,"83,49,943",RELIANCE
6/9/2022,2710.00,2803.00,2710.00,2724.05,"79,73,935",RELIANCE
6/8/2022,2772.75,2781.00,2716.30,2772.75,"57,59,172",RELIANCE
6/7/2022,2769.90,2791.10,2752.05,2767.55,"57,03,333",RELIANCE
6/6/2022,2780.00,2814.00,2751.80,2779.50,"51,19,488",RELIANCE
6/3/2022,2744.00,2817.35,2742.00,2724.30,"1,10,48,210",RELIANCE
6/2/2022,2634.00,2732.45,2634.00,2633.50,"1,02,11,408",RELIANCE
6/1/2022,2634.30,2655.20,2616.20,2632.65,"45,12,079",RELIANCE
5/31/2022,2641.40,2678.80,2615.70,2664.80,"3,25,91,420",RELIANCE
5/30/2022,2615.00,2674.00,2594.20,2575.10,"63,93,341",RELIANCE
5/27/2022,2593.05,2605.15,2540.10,2587.10,"76,24,888",RELIANCE
5/26/2022,2624.40,2634.90,2548.00,2612.00,"82,52,551",RELIANCE
5/25/2022,2635.00,2656.70,2601.50,2615.85,"58,67,760",RELIANCE
5/24/2022,2607.00,2638.00,2597.70,2606.90,"62,43,086",RELIANCE
5/23/2022,2631.50,2653.55,2593.00,2624.45,"70,39,144",RELIANCE
5/20/2022,2512.50,2644.40,2502.00,2479.85,"1,00,57,508",RELIANCE
5/19/2022,2484.00,2512.50,2466.05,2538.35,"67,83,641",RELIANCE
5/18/2022,2539.65,2570.00,2508.25,2529.15,"79,73,235",RELIANCE
5/17/2022,2435.10,2539.90,2432.00,2427.20,"76,38,666",RELIANCE
5/16/2022,2434.45,2481.00,2416.65,2426.60,"62,01,594",RELIANCE
5/13/2022,2426.00,2478.00,2415.35,2399.40,"89,10,998",RELIANCE
5/12/2022,2427.50,2434.85,2370.00,2449.30,"94,56,280",RELIANCE
5/11/2022,2472.65,2484.95,2421.95,2474.65,"76,81,157",RELIANCE
5/10/2022,2495.00,2526.60,2458.00,2518.30,"90,04,636",RELIANCE
5/9/2022,2574.95,2597.10,2507.00,2620.65,"83,45,649",RELIANCE
5/6/2022,2612.20,2659.00,2593.55,2640.90,"90,68,448",RELIANCE
5/5/2022,2723.50,2730.00,2632.00,2693.65,"79,42,721",RELIANCE
5/4/2022,2785.00,2790.00,2676.30,2780.45,"88,82,792",RELIANCE
5/2/2022,2762.00,2805.50,2758.05,2790.25,"43,69,022",RELIANCE
4/29/2022,2856.15,2856.15,2777.30,2819.85,"84,06,156",RELIANCE
4/28/2022,2809.95,2851.00,2786.10,2778.35,"1,18,20,892",RELIANCE
4/27/2022,2755.85,2828.00,2755.05,2775.65,"89,24,920",RELIANCE
4/26/2022,2710.00,2795.00,2707.70,2695.00,"56,43,066",RELIANCE
4/25/2022,2742.40,2758.40,2663.65,2758.80,"78,74,671",RELIANCE
4/22/2022,2758.90,2802.00,2744.20,2782.10,"69,47,490",RELIANCE
4/21/2022,2750.90,2789.00,2732.00,2718.45,"1,00,18,531",RELIANCE
4/20/2022,2657.10,2734.00,2649.10,2640.80,"1,15,70,835",RELIANCE
4/19/2022,2558.00,2668.00,2551.05,2543.85,"1,20,64,446",RELIANCE
4/18/2022,2533.00,2559.80,2521.80,2551.65,"46,03,103",RELIANCE
